region,site,survey_year,species,life_stage,count
Upper Bay,U1,2024,cod,juvinile,42
Upper Bay,U1,2024,cod,adult,12
Upper Bay,U1,2024,haddock,juvinile,18
Upper Bay,U1,2024,haddock,adult,8
Upper Bay,U1,2024,polluck,juvinile,65
Upper Bay,U1,2024,polluck,adult,21
Upper Bay,U2,2024,cod,juvinile,35
Upper Bay,U2,2024,cod,adult,10
Upper Bay,U2,2024,haddock,adult,6
Upper Bay,U2,2024,polluck,juvinile,48
Upper Bay,U2,2024,polluck,adult,16
Upper Bay,U3,2024,cod,juvinile,27
Upper Bay,U3,2024,cod,adult,9
Upper Bay,U3,2024,haddock,juvinile,14
Upper Bay,U3,2024,haddock,adult,5
Upper Bay,U3,2024,polluck,juvinile,39
Upper Bay,U3,2024,polluck,adult,13
Upper Bay,U1,2025,cod,juvinile,46
Upper Bay,U1,2025,cod,adult,14
Upper Bay,U1,2025,haddock,juvinile,20
Upper Bay,U1,2025,haddock,adult,9
Upper Bay,U1,2025,polluck,juvinile,70
Upper Bay,U1,2025,polluck,adult,24
Upper Bay,U2,2025,cod,juvinile,38
Upper Bay,U2,2025,cod,adult,11
Upper Bay,U2,2025,haddock,juvinile,16
Upper Bay,U2,2025,haddock,adult,7
Upper Bay,U2,2025,polluck,juvinile,53
Upper Bay,U2,2025,polluck,adult,18
Upper Bay,U3,2025,cod,juvinile,30
Upper Bay,U3,2025,cod,adult,10
Upper Bay,U3,2025,haddock,juvinile,15
Upper Bay,U3,2025,haddock,adult,6
Upper Bay,U3,2025,polluck,juvinile,44
Upper Bay,U3,2025,polluck,adult,15
Lower Bay,L1,2024,cod,juvinile,24
Lower Bay,L1,2024,cod,adult,18
Lower Bay,L1,2024,haddock,juvinile,11
Lower Bay,L1,2024,haddock,adult,13
Lower Bay,L1,2024,polluck,juvinile,31
Lower Bay,L1,2024,polluck,adult,27
Lower Bay,L2,2024,cod,juvinile,20
Lower Bay,L2,2024,cod,adult,16
Lower Bay,L2,2024,haddock,juvinile,9
Lower Bay,L2,2024,haddock,adult,12
Lower Bay,L2,2024,polluck,juvinile,28
Lower Bay,L2,2024,polluck,adult,25
Lower Bay,L3,2024,cod,juvinile,17
Lower Bay,L3,2024,cod,adult,15
Lower Bay,L3,2024,haddock,juvinile,8
Lower Bay,L3,2024,haddock,adult,10
Lower Bay,L3,2024,polluck,juvinile,24
Lower Bay,L1,2025,cod,juvinile,26
Lower Bay,L1,2025,cod,adult,20
Lower Bay,L1,2025,haddock,juvinile,12
Lower Bay,L1,2025,haddock,adult,15
Lower Bay,L1,2025,polluck,juvinile,35
Lower Bay,L1,2025,polluck,adult,30
Lower Bay,L2,2025,cod,juvinile,22
Lower Bay,L2,2025,cod,adult,18
Lower Bay,L2,2025,haddock,juvinile,10
Lower Bay,L2,2025,haddock,adult,13
Lower Bay,L2,2025,polluck,juvinile,31
Lower Bay,L2,2025,polluck,adult,27
Lower Bay,L3,2025,cod,juvinile,19
Lower Bay,L3,2025,cod,adult,16
Lower Bay,L3,2025,haddock,juvinile,9
Lower Bay,L3,2025,haddock,adult,11
Lower Bay,L3,2025,polluck,juvinile,27
Lower Bay,L3,2025,polluck,adult,24
